coding,math_statistics,networking_security,visual_design,cloud_sysadmin,career_category
5,2,2,1,3,Software Engineering
4,3,1,2,3,Software Engineering
5,1,2,1,2,Software Engineering
4,2,3,1,4,Software Engineering
5,3,1,2,2,Software Engineering
4,1,2,2,3,Software Engineering
5,2,1,1,3,Software Engineering
4,2,2,2,4,Software Engineering
5,3,2,1,3,Software Engineering
4,2,1,2,2,Software Engineering
5,1,1,2,2,Software Engineering
3,5,1,1,2,Data Science
4,5,1,2,2,Data Science
2,5,1,1,1,Data Science
3,4,2,2,1,Data Science
4,5,1,1,3,Data Science
3,5,1,2,2,Data Science
2,4,1,3,1,Data Science
4,4,2,1,2,Data Science
3,5,2,1,2,Data Science
2,5,1,2,1,Data Science
3,4,1,2,2,Data Science
3,2,5,1,4,Cybersecurity
2,1,5,1,3,Cybersecurity
3,2,4,1,4,Cybersecurity
4,2,5,1,3,Cybersecurity
2,3,5,1,4,Cybersecurity
3,1,5,1,3,Cybersecurity
2,2,4,1,5,Cybersecurity
3,2,5,1,4,Cybersecurity
1,2,5,1,3,Cybersecurity
3,1,4,2,4,Cybersecurity
2,1,1,5,1,UI/UX Design
1,1,1,5,1,UI/UX Design
2,2,1,4,1,UI/UX Design
3,1,1,5,2,UI/UX Design
1,2,1,5,1,UI/UX Design
2,1,2,4,1,UI/UX Design
1,1,1,4,2,UI/UX Design
2,1,1,5,1,UI/UX Design
3,2,1,4,1,UI/UX Design
1,2,1,5,2,UI/UX Design
2,1,1,4,1,UI/UX Design
4,2,2,1,5,Software Engineering
3,4,1,1,3,Data Science
